<?xml version="1.0" encoding="UTF-8"?>
<project-private xmlns="http://www.netbeans.org/ns/project-private/1">
    <editor-bookmarks xmlns="http://www.netbeans.org/ns/editor-bookmarks/2" lastBookmarkId="0"/>
    <open-files xmlns="http://www.netbeans.org/ns/projectui-open-files/2">
        <group>
            <file>file:/G:/xampp%203.0/htdocs/capstone/app/Http/Controllers/Controller.php</file>
            <file>file:/G:/xampp%203.0/htdocs/capstone/resources/views/allCollege.blade.php</file>
            <file>file:/G:/xampp%203.0/htdocs/capstone/routes/web.php</file>
            <file>file:/G:/xampp%203.0/htdocs/capstone/resources/views/index.blade.php</file>
            <file>file:/G:/xampp%203.0/htdocs/capstone/app/Http/Controllers/InstritutionController.php</file>
            <file>file:/G:/xampp%203.0/htdocs/capstone/resources/views/joinUs.blade.php</file>
        </group>
    </open-files>
</project-private>
